[1,["ecpdLyjvZBwrvm+cedCcQy","a2MjXRFdtLlYQ5ouAFv/+R","abaSw3z/tIgILVyUhIF1fc","02delMVqdBD70a/HSD99FK"],["node","_spriteFrame","backNode","scene","_parent","aniBtn","_textureSetter","root","data"],[["cc.Node",["_name","_id","_components","_contentSize","_parent","_children","_trs","_color","_prefab"],1,9,5,1,2,7,5,4],["cc.PrefabInfo",["fileId","root","asset"],2,1,1],"cc.SpriteFrame",["cc.SceneAsset",["_name","asyncLoadAssets"],1],["cc.Canvas",["node"],3,1],["cc.Widget",["_alignFlags","node"],2,1],["0bd11QTl1VB5bUr30q7aXQm",["node","backNode","aniBtn"],3,1,1,6],["cc.Sprite",["_sizeMode","node","_materials","_spriteFrame"],2,1,3,6],["cc.Scene",["_name","_active","_children","_anchorPoint","_trs"],1,2,5,7],["cc.Camera",["_clearFlags","_depth","node"],1,1],["cc.Prefab",["_name"],2],["cc.Button",["_N$transition","node"],2,1],["cc.Label",["_string","_fontSize","_lineHeight","_N$horizontalAlign","_N$verticalAlign","_N$overflow","node","_materials"],-3,1,3]],[[7,0,1,2,3,2],[3,0,1,3],[0,0,1,5,2,3,6,3],[0,0,4,2,7,3,2],[0,0,4,2,3,2],[0,0,5,2,8,7,3,6,2],[0,0,4,2,8,3,2],[4,0,1],[5,0,1,2],[6,0,1,2,1],[8,0,1,2,3,4,3],[9,0,1,2,3],[10,0,2],[11,0,1,2],[1,1,2,1],[1,0,1,2,2],[12,0,1,2,3,4,5,6,7,7]],[[[[1,"Main",null],[2,"Canvas","a5esZu+45LA5mBpvttspPD",[-5,-6],[[7,-1],[8,45,-2],[9,-4,-3,2]],[5,960,640],[480,320,0,0,0,0,1,1,1,1]],[3,"Back",1,[[0,0,-7,[0],1]],[4,4282071867],[5,960,640]],[10,"New Node",false,[1],[0,0,0],[0,0,0,0,0,0,1,1,1,1]],[4,"Main Camera",1,[[11,7,-1,-8]],[5,960,640]]],0,[0,0,1,0,0,1,0,2,2,0,0,1,0,-1,4,0,-2,2,0,0,2,0,0,4,0,3,3,1,4,3,8],[0,0,0],[-1,1,5],[0,1,2]],[[{"name":"default_sprite_splash","rect":[0,0,2,2],"offset":[0,0],"originalSize":[2,2],"capInsets":[0,0,0,0]}],[2],0,[0],[6],[3]],[[[12,"AniButton"],[5,"AniButton",[-4],[[0,0,-2,[1],2],[13,3,-3]],[14,-1,0],[4,4284308829],[5,150,50],[0,-30,0,0,0,0,1,1,1,0]],[6,"Label",1,[[16,"动画名称",35,35,1,1,2,-5,[0]]],[15,"8eDRYNbZpLmrFR207slq2c",1,0],[5,140,44.1]]],0,[0,7,1,0,0,1,0,0,1,0,-1,2,0,0,2,0,8,1,5],[0,0,0],[-1,-1,1],[0,0,1]]]]