{
  "version": "1.1.1",
  "windows": {
    "main": {
      "main": true,
      "url": "app://editor/index.html",
      "windowType": "dockable",
      "x": 0,
      "y": 0,
      "width": 2560,
      "height": 1392,
      "layout": {
        "type": "dock-h",
        "children": [
          {
            "width": 412,
            "height": 1274,
            "type": "dock-v",
            "children": [
              {
                "width": 412,
                "height": 636,
                "type": "panel",
                "active": 0,
                "children": [
                  "hierarchy"
                ]
              },
              {
                "width": 412,
                "height": 635,
                "type": "panel",
                "active": 0,
                "children": [
                  "assets"
                ]
              }
            ]
          },
          {
            "width": 1513,
            "height": 1274,
            "type": "dock-v",
            "children": [
              {
                "width": 1513,
                "height": 634,
                "type": "dock-h",
                "children": [
                  {
                    "width": 975.984375,
                    "height": 634,
                    "type": "panel",
                    "active": 0,
                    "children": [
                      "scene"
                    ]
                  },
                  {
                    "width": 534,
                    "height": 634,
                    "type": "panel",
                    "active": 0,
                    "children": [
                      "node-library"
                    ]
                  }
                ]
              },
              {
                "width": 1513,
                "height": 637,
                "type": "panel",
                "active": 0,
                "children": [
                  "console",
                  "timeline",
                  "game-window"
                ]
              }
            ]
          },
          {
            "width": 613,
            "height": 1274,
            "type": "panel",
            "active": 0,
            "children": [
              "inspector",
              "cocos-services"
            ]
          }
        ]
      },
      "panels": [
        "hierarchy",
        "assets",
        "scene",
        "node-library",
        "console",
        "timeline",
        "game-window",
        "inspector",
        "cocos-services"
      ]
    },
    "window-1652692322141": {}
  },
  "panels": {
    "builder": {
      "x": 1151,
      "y": 437,
      "width": 516,
      "height": 739
    }
  },
  "panelLabelWidth": {}
}
