[1,["ecpdLyjvZBwrvm+cedCcQy","a2MjXRFdtLlYQ5ouAFv/+R","9bvaMerUlDyary99mJa6xp","abaSw3z/tIgILVyUhIF1fc","d8HsitJHxOYqo801xBk8ev","02delMVqdBD70a/HSD99FK"],["node","_spriteFrame","root","_parent","_textureSetter","backNode","aniContent","_N$content","scene","aniBtn","data"],[["cc.Node",["_name","_id","_components","_contentSize","_parent","_trs","_children","_prefab","_color","_anchorPoint"],1,9,5,1,7,2,4,5,5],["cc.PrefabInfo",["fileId","root","asset"],2,1,1],"cc.SpriteFrame",["cc.Widget",["_alignFlags","_originalWidth","_originalHeight","node"],0,1],["cc.Sprite",["_sizeMode","_type","node","_materials","_spriteFrame"],1,1,3,6],["cc.Button",["_N$transition","node","clickEvents"],2,1,9],["cc.ClickEvent",["_componentId","handler","customEventData","target"],0,1],["cc.Label",["_string","_N$horizontalAlign","_N$verticalAlign","_fontSize","_lineHeight","_N$overflow","node","_materials"],-3,1,3],["cc.SceneAsset",["_name","asyncLoadAssets"],1],["cc.Canvas",["node"],3,1],["0bd11QTl1VB5bUr30q7aXQm",["node","aniContent","backNode","aniBtn"],3,1,1,1,6],["cc.Layout",["_resize","_N$layoutType","_N$paddingTop","_N$paddingBottom","_N$spacingY","node","_layoutSize"],-2,1,5],["cc.ScrollView",["horizontal","brake","bounceDuration","_N$horizontalScrollBar","_N$verticalScrollBar","node","_N$content"],-2,1,1],["cc.Mask",["_N$alphaThreshold","node","_materials"],2,1,3],["cc.LabelOutline",["_width","node","_color"],2,1,5],["cc.Scene",["_name","_active","_children","_anchorPoint","_trs"],1,2,5,7],["cc.Camera",["_clearFlags","_depth","node"],1,1],["cc.Prefab",["_name"],2]],[[4,0,2,3,4,2],[0,0,4,2,7,3,2],[7,0,3,4,1,2,5,6,7,7],[0,0,4,6,2,7,8,3,5,2],[5,0,1,2,2],[1,1,1],[1,0,1,2],[6,0,1,2,3,4],[5,0,1,2],[0,0,4,6,2,3,5,2],[0,0,4,6,2,3,2],[0,0,4,2,3,5,2],[3,0,1,2,3,4],[11,0,1,2,3,4,5,6,6],[4,1,0,2,3,4,3],[6,0,1,3,3],[12,0,1,2,3,4,5,6,6],[13,0,1,2,2],[7,0,1,2,6,7,4],[14,0,1,2,2],[8,0,1,3],[0,0,1,6,2,3,5,3],[0,0,6,2,3,9,5,2],[0,0,4,2,3,9,5,2],[0,0,4,2,8,3,2],[0,0,4,2,3,2],[0,0,6,2,7,8,3,5,2],[9,0,1],[3,0,3,2],[10,0,1,2,3,1],[1,1,2,1],[1,0,1,2,2],[15,0,1,2,3,4,3],[16,0,1,2,3],[17,0,2]],[[[[20,"Main",null],[21,"Canvas","a5esZu+45LA5mBpvttspPD",[-6,-7,-8,-9],[[27,-1],[28,45,-2],[29,-5,-4,-3,31]],[5,960,640],[480,320,0,0,0,0,1,1,1,1]],[22,"content",[-11,-12,-13,-14,-15,-16,-17],[[13,1,2,5,5,5,-10,[5,181,390]]],[5,181,390],[0,0.5,1],[0,271,0,0,0,0,1,1,1,1]],[3,"Button",2,[-22],[[0,0,-19,[13],14],[8,3,-20],[4,3,-21,[[7,"0bd11QTl1VB5bUr30q7aXQm","setTrack","0",1]]]],[5,-18],[4,4284308829],[5,150,50],[0,-140,0,0,0,0,1,1,1,0]],[3,"Button",2,[-27],[[0,0,-24,[16],17],[8,3,-25],[4,3,-26,[[7,"0bd11QTl1VB5bUr30q7aXQm","setTrack","1",1]]]],[5,-23],[4,4284308829],[5,150,50],[0,-195,0,0,0,0,1,1,1,0]],[3,"Button",2,[-31],[[0,0,-29,[7],8],[4,3,-30,[[15,"0bd11QTl1VB5bUr30q7aXQm","amplification",1]]]],[5,-28],[4,4284308829],[5,150,50],[0,-30,0,0,0,0,1,1,1,0]],[3,"Button",2,[-35],[[0,0,-33,[10],11],[4,3,-34,[[15,"0bd11QTl1VB5bUr30q7aXQm","narrow",1]]]],[5,-32],[4,4284308829],[5,150,50],[0,-85,0,0,0,0,1,1,1,0]],[3,"Button",2,[-39],[[0,0,-37,[19],20],[4,3,-38,[[7,"0bd11QTl1VB5bUr30q7aXQm","setTrack","2",1]]]],[5,-36],[4,4284308829],[5,150,50],[0,-250,0,0,0,0,1,1,1,0]],[3,"Button",2,[-43],[[0,0,-41,[22],23],[4,3,-42,[[7,"0bd11QTl1VB5bUr30q7aXQm","premultipliedAlpha","2",1]]]],[5,-40],[4,4284308829],[5,150,50],[0,-305,0,0,0,0,1,1,1,0]],[3,"Button",2,[-47],[[0,0,-45,[25],26],[4,3,-46,[[7,"0bd11QTl1VB5bUr30q7aXQm","setBackColor","2",1]]]],[5,-44],[4,4284308829],[5,150,50],[0,-360,0,0,0,0,1,1,1,0]],[9,"scrollview",1,[-51,-52],[[14,1,0,-48,[4],5],[16,false,0.75,0.23,null,null,-50,-49]],[5,181,542],[-381,-32,0,0,0,0,1,1,1,1]],[9,"scrollview",1,[-55,-56],[[14,1,0,-53,[29],30],[16,false,0.75,0.23,null,null,-54,2]],[5,181,542],[371.895,-32,0,0,0,0,1,1,1,1]],[10,"view",10,[-59],[[17,0,-57,[2]],[12,45,240,250,-58]],[5,181,542]],[23,"content",12,[[13,1,2,5,5,5,-60,[5,181,60]]],[5,181,60],[0,0.5,1],[0,271,0,0,0,0,1,1,1,1]],[10,"view",11,[2],[[17,0,-61,[27]],[12,45,240,250,-62]],[5,181,542]],[24,"Back",1,[[0,0,-63,[0],1]],[4,4282071867],[5,960,640]],[11,"New Label",10,[[18,"动画列表",1,1,-64,[3]],[19,2,-65,[4,4278190080]]],[5,164,54.4],[0,307.904,0,0,0,0,1,1,1,1]],[11,"New Label",11,[[18,"菜单列表",1,1,-66,[28]],[19,2,-67,[4,4278190080]]],[5,164,54.4],[0,307.904,0,0,0,0,1,1,1,1]],[32,"New Node",false,[1],[0,0,0],[0,0,0,0,0,0,1,1,1,1]],[25,"Main Camera",1,[[33,7,-1,-68]],[5,960,640]],[1,"Label",5,[[2,"放大",35,35,1,1,2,-69,[6]]],[6,"8eDRYNbZpLmrFR207slq2c",5],[5,140,44.1]],[1,"Label",6,[[2,"缩小",35,35,1,1,2,-70,[9]]],[6,"8eDRYNbZpLmrFR207slq2c",6],[5,140,44.1]],[1,"Label",3,[[2,"Track0",35,35,1,1,2,-71,[12]]],[6,"8eDRYNbZpLmrFR207slq2c",3],[5,140,44.1]],[1,"Label",4,[[2,"Track1",35,35,1,1,2,-72,[15]]],[6,"8eDRYNbZpLmrFR207slq2c",4],[5,140,44.1]],[1,"Label",7,[[2,"Track2",35,35,1,1,2,-73,[18]]],[6,"8eDRYNbZpLmrFR207slq2c",7],[5,140,44.1]],[1,"Label",8,[[2,"贴图预乘",35,35,1,1,2,-74,[21]]],[6,"8eDRYNbZpLmrFR207slq2c",8],[5,140,44.1]],[1,"Label",9,[[2,"背景",35,35,1,1,2,-75,[24]]],[6,"8eDRYNbZpLmrFR207slq2c",9],[5,140,44.1]]],0,[0,0,1,0,0,1,0,5,15,0,6,13,0,0,1,0,-1,19,0,-2,15,0,-3,10,0,-4,11,0,0,2,0,-1,5,0,-2,6,0,-3,3,0,-4,4,0,-5,7,0,-6,8,0,-7,9,0,2,3,0,0,3,0,0,3,0,0,3,0,-1,22,0,2,4,0,0,4,0,0,4,0,0,4,0,-1,23,0,2,5,0,0,5,0,0,5,0,-1,20,0,2,6,0,0,6,0,0,6,0,-1,21,0,2,7,0,0,7,0,0,7,0,-1,24,0,2,8,0,0,8,0,0,8,0,-1,25,0,2,9,0,0,9,0,0,9,0,-1,26,0,0,10,0,7,13,0,0,10,0,-1,12,0,-2,16,0,0,11,0,0,11,0,-1,14,0,-2,17,0,0,12,0,0,12,0,-1,13,0,0,13,0,0,14,0,0,14,0,0,15,0,0,16,0,0,16,0,0,17,0,0,17,0,0,19,0,0,20,0,0,21,0,0,22,0,0,23,0,0,24,0,0,25,0,0,26,0,8,18,1,3,18,2,3,14,75],[0,0,0,0,0,0,0,0,0,0,0,0,0,0,0,0,0,0,0,0,0,0,0,0,0,0,0,0,0,0,0,0],[-1,1,-1,-1,-1,1,-1,-1,1,-1,-1,1,-1,-1,1,-1,-1,1,-1,-1,1,-1,-1,1,-1,-1,1,-1,-1,-1,1,9],[0,1,0,0,0,2,0,0,1,0,0,1,0,0,1,0,0,1,0,0,1,0,0,1,0,0,1,0,0,0,2,3]],[[{"name":"default_panel","rect":[0,0,20,20],"offset":[0,0],"originalSize":[20,20],"capInsets":[6,6,6,6]}],[2],0,[0],[4],[4]],[[{"name":"default_sprite_splash","rect":[0,0,2,2],"offset":[0,0],"originalSize":[2,2],"capInsets":[0,0,0,0]}],[2],0,[0],[4],[5]],[[[34,"AniButton"],[26,"AniButton",[-4],[[0,0,-2,[1],2],[8,3,-3]],[30,-1,0],[4,4284308829],[5,150,50],[0,-30,0,0,0,0,1,1,1,0]],[1,"Label",1,[[2,"动画名称",35,35,1,1,2,-5,[0]]],[31,"8eDRYNbZpLmrFR207slq2c",1,0],[5,140,44.1]]],0,[0,2,1,0,0,1,0,0,1,0,-1,2,0,0,2,0,10,1,5],[0,0,0],[-1,-1,1],[0,0,1]]]]