{"skeleton":{"hash":"I1cVG0yx4bSNUp6V4p1gAO7ud8I","spine":"3.8.75","x":1980.79,"y":757.9,"width":162,"height":142,"images":"../images/images/","audio":""},"bones":[{"name":"root"},{"name":"zong","parent":"root","color":"ff0000ff"},{"name":"zong13","parent":"zong","x":2080.8,"y":631.02,"color":"ff0000ff"},{"name":"5_4","parent":"zong13","length":142.75,"rotation":90.23,"x":-5.02,"y":4.69,"color":"ff0000ff"},{"name":"5_1","parent":"5_4","length":154.49,"rotation":5.92,"x":149.41,"y":6.25,"color":"ff0000ff"},{"name":"5_3","parent":"5_4","length":133.01,"rotation":-113.49,"x":133.22,"y":-44.5,"color":"ff0000ff"},{"name":"5_2","parent":"5_4","length":128.82,"rotation":-127.3,"x":127.31,"y":49.17,"color":"ff0000ff"},{"name":"5_7","parent":"zong13","length":60.54,"rotation":-88.92,"x":-39.2,"y":0.13,"color":"ff0000ff"},{"name":"5_8","parent":"5_7","length":68.56,"rotation":-14.08,"x":61.66,"y":-1.16,"color":"ff0000ff"},{"name":"5_6","parent":"zong13","length":65.02,"rotation":-82.94,"x":13.34,"y":-4.44,"color":"ff0000ff"},{"name":"5_9","parent":"5_6","length":59.46,"rotation":-18.7,"x":67.35,"y":0.29,"color":"ff0000ff"},{"name":"ik_2","parent":"zong13","x":8.77,"y":-126.06,"color":"ff3f00ff"},{"name":"ik_3","parent":"zong13","x":-55.75,"y":-126.06,"color":"ff3f00ff"},{"name":"b2","parent":"5_1","rotation":-96.15,"x":55.16,"y":-32.34,"color":"e9ff00ff"},{"name":"maozi1","parent":"5_1","rotation":-96.15,"x":150.37,"y":-9.55,"color":"e9ff00ff"},{"name":"js2","parent":"zong","x":2076.15,"y":643.91,"color":"e9ff00ff"}],"slots":[{"name":"b2","bone":"b2","attachment":"b2"}],"ik":[{"name":"ik_2","bones":["5_6","5_9"],"target":"ik_2","bendPositive":false},{"name":"ik_3","order":1,"bones":["5_7","5_8"],"target":"ik_3","bendPositive":false}],"skins":[{"name":"default","attachments":{"b2":{"b2":{"type":"mesh","uvs":[1,1,0,1,0,0,1,0,0.50629,0.57217,0.69778,0.52914,0.85734,0.5159,0.81382,0.69794,0.63395,0.73104,0.48889,0.7178,0.40765,0.37358,0.72679,0.33055,0.90666,0.35041,0.41345,0.78731,0.86314,0.84358,0.68037,0.86013,0.32932,0.58541],"triangles":[3,10,2,12,11,3,11,10,3,6,11,12,11,4,10,5,11,6,5,4,11,16,2,10,16,10,4,7,5,6,9,16,4,8,4,5,8,5,7,9,4,8,13,16,9,0,14,6,7,6,14,15,8,7,15,7,14,1,2,16,1,16,13,12,3,0,0,6,12,15,14,0,9,8,15,13,9,15,1,13,15,1,15,0],"vertices":[47.62,-85.5,-114.38,-85.5,-114.38,56.5,47.62,56.5,-32.36,-24.75,-1.34,-18.64,24.51,-16.76,17.46,-42.61,-11.68,-47.31,-35.18,-45.43,-48.34,3.45,3.36,9.56,32.5,6.74,-47.4,-55.3,25.45,-63.29,-4.16,-65.64,-61.03,-26.63],"hull":4,"edges":[0,2,2,4,4,6,0,6],"width":162,"height":142}}}}],"animations":{"1":{"slots":{"b2":{"attachment":[{"name":null}]}}},"2":{"slots":{"b2":{"attachment":[{"name":null}]}}},"3":{"slots":{"b2":{"attachment":[{"name":null}]}}},"4":{"slots":{"b2":{"attachment":[{"name":null}]}}},"4_1":{"slots":{"b2":{"attachment":[{"name":null}]}}},"5":{"bones":{"zong13":{"translate":[{"x":-2058.97,"y":-487.72},{"time":0.3,"x":-2058.97,"y":-500.26},{"time":0.5,"x":-2046.75,"y":-447.11},{"time":0.7333,"x":-2058.97,"y":-487.72}]},"maozi1":{"translate":[{"x":-4.2,"y":-2.04}]},"ik_2":{"translate":[{},{"time":0.3,"y":9.41},{"time":0.5}]},"ik_3":{"translate":[{},{"time":0.3,"y":9.41},{"time":0.5}]},"5_2":{"rotate":[{},{"time":0.3,"angle":10.18},{"time":0.5,"angle":-7.19},{"time":0.7333}]},"5_3":{"rotate":[{},{"time":0.3,"angle":8.84},{"time":0.5,"angle":-10.71},{"time":0.7333}]},"5_4":{"rotate":[{},{"time":0.3,"angle":5.16},{"time":0.5,"angle":-6.28},{"time":0.7333}]}},"deform":{"default":{"b2":{"b2":[{},{"time":0.2,"offset":10,"vertices":[-0.10106,-5.53502,-0.40283,-3.10708,-0.59036,5.54784,1.11392,4.13235]},{"time":0.4},{"time":0.5667,"offset":10,"vertices":[-0.10106,-5.53502,-0.40283,-3.10708,-0.59036,5.54784,1.11392,4.13235]},{"time":0.7667}]}}}},"6":{"slots":{"b2":{"attachment":[{"name":null}]}}},"7":{"slots":{"b2":{"attachment":[{"name":null}]}}},"7_1":{"slots":{"b2":{"attachment":[{"name":null}]}}},"8":{"slots":{"b2":{"attachment":[{"name":null}]}}},"9":{"slots":{"b2":{"attachment":[{"name":null}]}}},"10":{"slots":{"b2":{"attachment":[{"name":null}]}}}}}